"fascia","n","percentual"
"Descarte",44,2.1369596891695
"Núcleo A",13,0.631374453618261
"Núcleo B",494,23.9922292374939
"Periférico",1508,73.2394366197183
